timestamp,region,latitude,longitude,PSI,PM10,PM25,O3,NO2,CO,SO2
2024-04-22 12:25:50.219251,west,1.35735,103.7,57,37,17,27,52,1,5
2024-04-22 12:25:50.219251,east,1.35735,103.94,63,31,22,49,29,0,3
2024-04-22 12:25:50.219251,central,1.35735,103.82,55,28,16,64,46,0,3
2024-04-22 12:25:50.219251,south,1.29587,103.82,55,27,16,32,16,1,3
2024-04-22 12:25:50.219251,north,1.41803,103.82,58,34,18,72,76,1,3
2024-04-22 12:31:13.661900,west,1.35735,103.7,57,37,17,27,52,1,5
2024-04-22 12:31:13.661900,east,1.35735,103.94,63,31,22,49,29,0,3
2024-04-22 12:31:13.661900,central,1.35735,103.82,55,28,16,64,46,0,3
2024-04-22 12:31:13.661900,south,1.29587,103.82,55,27,16,32,16,1,3
2024-04-22 12:31:13.661900,north,1.41803,103.82,58,34,18,72,76,1,3
2024-04-22 12:35:51.631283,west,1.35735,103.7,57,37,17,27,52,1,5
2024-04-22 12:35:51.631283,east,1.35735,103.94,63,31,22,49,29,0,3
2024-04-22 12:35:51.631283,central,1.35735,103.82,55,28,16,64,46,0,3
2024-04-22 12:35:51.631283,south,1.29587,103.82,55,27,16,32,16,1,3
2024-04-22 12:35:51.631283,north,1.41803,103.82,58,34,18,72,76,1,3
2024-04-22 12:41:15.106248,west,1.35735,103.7,57,37,17,27,52,1,5
2024-04-22 12:41:15.106248,east,1.35735,103.94,63,31,22,49,29,0,3
2024-04-22 12:41:15.106248,central,1.35735,103.82,55,28,16,64,46,0,3
2024-04-22 12:41:15.106248,south,1.29587,103.82,55,27,16,32,16,1,3
2024-04-22 12:41:15.106248,north,1.41803,103.82,58,34,18,72,76,1,3
2024-04-22 12:45:53.408914,west,1.35735,103.7,57,37,17,27,52,1,5
2024-04-22 12:45:53.408914,east,1.35735,103.94,63,31,22,49,29,0,3
2024-04-22 12:45:53.408914,central,1.35735,103.82,55,28,16,64,46,0,3
2024-04-22 12:45:53.408914,south,1.29587,103.82,55,27,16,32,16,1,3
2024-04-22 12:45:53.408914,north,1.41803,103.82,58,34,18,72,76,1,3
2024-04-22 12:51:16.469623,west,1.35735,103.7,57,37,17,27,52,1,5
2024-04-22 12:51:16.469623,east,1.35735,103.94,63,31,22,49,29,0,3
2024-04-22 12:51:16.469623,central,1.35735,103.82,55,28,16,64,46,0,3
2024-04-22 12:51:16.469623,south,1.29587,103.82,55,27,16,32,16,1,3
2024-04-22 12:51:16.469623,north,1.41803,103.82,58,34,18,72,76,1,3
2024-04-22 12:55:54.789624,west,1.35735,103.7,57,37,17,27,52,1,5
2024-04-22 12:55:54.789624,east,1.35735,103.94,63,31,22,49,29,0,3
2024-04-22 12:55:54.789624,central,1.35735,103.82,55,28,16,64,46,0,3
2024-04-22 12:55:54.789624,south,1.29587,103.82,55,27,16,32,16,1,3
2024-04-22 12:55:54.789624,north,1.41803,103.82,58,34,18,72,76,1,3
2024-04-22 13:01:17.891870,west,1.35735,103.7,57,38,17,29,58,1,5
2024-04-22 13:01:17.891870,east,1.35735,103.94,63,33,22,52,29,0,3
2024-04-22 13:01:17.891870,central,1.35735,103.82,55,27,16,65,43,0,3
2024-04-22 13:01:17.891870,south,1.29587,103.82,55,27,16,32,20,1,3
2024-04-22 13:01:17.891870,north,1.41803,103.82,59,35,19,64,69,1,3
2024-04-22 13:05:56.155305,west,1.35735,103.7,57,38,17,29,58,1,5
2024-04-22 13:05:56.155305,east,1.35735,103.94,63,33,22,52,29,0,3
2024-04-22 13:05:56.155305,central,1.35735,103.82,55,27,16,65,43,0,3
2024-04-22 13:05:56.155305,south,1.29587,103.82,55,27,16,32,20,1,3
2024-04-22 13:05:56.155305,north,1.41803,103.82,59,35,19,64,69,1,3
2024-04-22 13:11:19.261692,west,1.35735,103.7,57,38,17,29,58,1,5
2024-04-22 13:11:19.261692,east,1.35735,103.94,63,33,22,52,29,0,3
2024-04-22 13:11:19.261692,central,1.35735,103.82,55,27,16,65,43,0,3
2024-04-22 13:11:19.261692,south,1.29587,103.82,55,27,16,32,20,1,3
2024-04-22 13:11:19.261692,north,1.41803,103.82,59,35,19,64,69,1,3
2024-04-22 13:15:57.503871,west,1.35735,103.7,57,38,17,29,58,1,5
2024-04-22 13:15:57.503871,east,1.35735,103.94,63,33,22,52,29,0,3
2024-04-22 13:15:57.503871,central,1.35735,103.82,55,27,16,65,43,0,3
2024-04-22 13:15:57.503871,south,1.29587,103.82,55,27,16,32,20,1,3
2024-04-22 13:15:57.503871,north,1.41803,103.82,59,35,19,64,69,1,3
2024-04-22 13:21:20.693714,west,1.35735,103.7,57,38,17,29,58,1,5
2024-04-22 13:21:20.693714,east,1.35735,103.94,63,33,22,52,29,0,3
2024-04-22 13:21:20.693714,central,1.35735,103.82,55,27,16,65,43,0,3
2024-04-22 13:21:20.693714,south,1.29587,103.82,55,27,16,32,20,1,3
2024-04-22 13:21:20.693714,north,1.41803,103.82,59,35,19,64,69,1,3
2024-04-22 13:25:58.852340,west,1.35735,103.7,57,38,17,29,58,1,5
2024-04-22 13:25:58.852340,east,1.35735,103.94,63,33,22,52,29,0,3
2024-04-22 13:25:58.852340,central,1.35735,103.82,55,27,16,65,43,0,3
2024-04-22 13:25:58.852340,south,1.29587,103.82,55,27,16,32,20,1,3
2024-04-22 13:25:58.852340,north,1.41803,103.82,59,35,19,64,69,1,3
2024-04-22 13:31:23.333623,west,1.35735,103.7,57,38,17,29,58,1,5
2024-04-22 13:31:23.333623,east,1.35735,103.94,63,33,22,52,29,0,3
2024-04-22 13:31:23.333623,central,1.35735,103.82,55,27,16,65,43,0,3
2024-04-22 13:31:23.333623,south,1.29587,103.82,55,27,16,32,20,1,3
2024-04-22 13:31:23.333623,north,1.41803,103.82,59,35,19,64,69,1,3
2024-04-22 13:36:00.229662,west,1.35735,103.7,57,38,17,29,58,1,5
2024-04-22 13:36:00.229662,east,1.35735,103.94,63,33,22,52,29,0,3
2024-04-22 13:36:00.229662,central,1.35735,103.82,55,27,16,65,43,0,3
2024-04-22 13:36:00.229662,south,1.29587,103.82,55,27,16,32,20,1,3
2024-04-22 13:36:00.229662,north,1.41803,103.82,59,35,19,64,69,1,3
2024-04-22 13:41:24.683938,west,1.35735,103.7,57,38,17,29,58,1,5
2024-04-22 13:41:24.683938,east,1.35735,103.94,63,33,22,52,29,0,3
2024-04-22 13:41:24.683938,central,1.35735,103.82,55,27,16,65,43,0,3
2024-04-22 13:41:24.683938,south,1.29587,103.82,55,27,16,32,20,1,3
2024-04-22 13:41:24.683938,north,1.41803,103.82,59,35,19,64,69,1,3
2024-04-22 13:46:01.592921,west,1.35735,103.7,57,38,17,29,58,1,5
2024-04-22 13:46:01.592921,east,1.35735,103.94,63,33,22,52,29,0,3
2024-04-22 13:46:01.592921,central,1.35735,103.82,55,27,16,65,43,0,3
2024-04-22 13:46:01.592921,south,1.29587,103.82,55,27,16,32,20,1,3
2024-04-22 13:46:01.592921,north,1.41803,103.82,59,35,19,64,69,1,3
2024-04-22 13:51:26.107960,west,1.35735,103.7,57,38,17,29,58,1,5
2024-04-22 13:51:26.107960,east,1.35735,103.94,63,33,22,52,29,0,3
2024-04-22 13:51:26.107960,central,1.35735,103.82,55,27,16,65,43,0,3
2024-04-22 13:51:26.107960,south,1.29587,103.82,55,27,16,32,20,1,3
2024-04-22 13:51:26.107960,north,1.41803,103.82,59,35,19,64,69,1,3
2024-04-22 13:56:02.962760,west,1.35735,103.7,57,38,17,29,58,1,5
2024-04-22 13:56:02.962760,east,1.35735,103.94,63,33,22,52,29,0,3
2024-04-22 13:56:02.962760,central,1.35735,103.82,55,27,16,65,43,0,3
2024-04-22 13:56:02.962760,south,1.29587,103.82,55,27,16,32,20,1,3
2024-04-22 13:56:02.962760,north,1.41803,103.82,59,35,19,64,69,1,3
2024-04-22 14:01:27.533320,west,1.35735,103.7,57,39,18,28,79,1,5
2024-04-22 14:01:27.533320,east,1.35735,103.94,63,34,22,51,42,0,3
2024-04-22 14:01:27.533320,central,1.35735,103.82,55,27,15,62,61,0,3
2024-04-22 14:01:27.533320,south,1.29587,103.82,55,27,16,32,22,0,3
2024-04-22 14:01:27.533320,north,1.41803,103.82,60,35,20,55,62,1,3
2024-04-22 14:06:04.339739,west,1.35735,103.7,57,39,18,28,79,1,5
2024-04-22 14:06:04.339739,east,1.35735,103.94,63,34,22,51,42,0,3
2024-04-22 14:06:04.339739,central,1.35735,103.82,55,27,15,62,61,0,3
2024-04-22 14:06:04.339739,south,1.29587,103.82,55,27,16,32,22,0,3
2024-04-22 14:06:04.339739,north,1.41803,103.82,60,35,20,55,62,1,3
2024-04-22 14:11:28.946785,west,1.35735,103.7,57,39,18,28,79,1,5
2024-04-22 14:11:28.946785,east,1.35735,103.94,63,34,22,51,42,0,3
2024-04-22 14:11:28.946785,central,1.35735,103.82,55,27,15,62,61,0,3
2024-04-22 14:11:28.946785,south,1.29587,103.82,55,27,16,32,22,0,3
2024-04-22 14:11:28.946785,north,1.41803,103.82,60,35,20,55,62,1,3
2024-04-22 14:16:05.691286,west,1.35735,103.7,57,39,18,28,79,1,5
2024-04-22 14:16:05.691286,east,1.35735,103.94,63,34,22,51,42,0,3
2024-04-22 14:16:05.691286,central,1.35735,103.82,55,27,15,62,61,0,3
2024-04-22 14:16:05.691286,south,1.29587,103.82,55,27,16,32,22,0,3
2024-04-22 14:16:05.691286,north,1.41803,103.82,60,35,20,55,62,1,3
2024-04-22 14:21:30.355216,west,1.35735,103.7,57,39,18,28,79,1,5
2024-04-22 14:21:30.355216,east,1.35735,103.94,63,34,22,51,42,0,3
2024-04-22 14:21:30.355216,central,1.35735,103.82,55,27,15,62,61,0,3
2024-04-22 14:21:30.355216,south,1.29587,103.82,55,27,16,32,22,0,3
2024-04-22 14:21:30.355216,north,1.41803,103.82,60,35,20,55,62,1,3
2024-04-22 14:26:07.071245,west,1.35735,103.7,57,39,18,28,79,1,5
2024-04-22 14:26:07.071245,east,1.35735,103.94,63,34,22,51,42,0,3
2024-04-22 14:26:07.071245,central,1.35735,103.82,55,27,15,62,61,0,3
2024-04-22 14:26:07.071245,south,1.29587,103.82,55,27,16,32,22,0,3
2024-04-22 14:26:07.071245,north,1.41803,103.82,60,35,20,55,62,1,3
2024-04-22 14:31:31.833512,west,1.35735,103.7,57,39,18,28,79,1,5
2024-04-22 14:31:31.833512,east,1.35735,103.94,63,34,22,51,42,0,3
2024-04-22 14:31:31.833512,central,1.35735,103.82,55,27,15,62,61,0,3
2024-04-22 14:31:31.833512,south,1.29587,103.82,55,27,16,32,22,0,3
2024-04-22 14:31:31.833512,north,1.41803,103.82,60,35,20,55,62,1,3
2024-04-22 14:36:08.440036,west,1.35735,103.7,57,39,18,28,79,1,5
2024-04-22 14:36:08.440036,east,1.35735,103.94,63,34,22,51,42,0,3
2024-04-22 14:36:08.440036,central,1.35735,103.82,55,27,15,62,61,0,3
2024-04-22 14:36:08.440036,south,1.29587,103.82,55,27,16,32,22,0,3
2024-04-22 14:36:08.440036,north,1.41803,103.82,60,35,20,55,62,1,3
2024-04-22 14:41:33.239421,west,1.35735,103.7,57,39,18,28,79,1,5
2024-04-22 14:41:33.239421,east,1.35735,103.94,63,34,22,51,42,0,3
2024-04-22 14:41:33.239421,central,1.35735,103.82,55,27,15,62,61,0,3
2024-04-22 14:41:33.239421,south,1.29587,103.82,55,27,16,32,22,0,3
2024-04-22 14:41:33.239421,north,1.41803,103.82,60,35,20,55,62,1,3
2024-04-22 14:46:09.800787,west,1.35735,103.7,57,39,18,28,79,1,5
2024-04-22 14:46:09.800787,east,1.35735,103.94,63,34,22,51,42,0,3
2024-04-22 14:46:09.800787,central,1.35735,103.82,55,27,15,62,61,0,3
2024-04-22 14:46:09.800787,south,1.29587,103.82,55,27,16,32,22,0,3
2024-04-22 14:46:09.800787,north,1.41803,103.82,60,35,20,55,62,1,3
2024-04-22 14:51:34.665243,west,1.35735,103.7,57,39,18,28,79,1,5
2024-04-22 14:51:34.665243,east,1.35735,103.94,63,34,22,51,42,0,3
2024-04-22 14:51:34.665243,central,1.35735,103.82,55,27,15,62,61,0,3
2024-04-22 14:51:34.665243,south,1.29587,103.82,55,27,16,32,22,0,3
2024-04-22 14:51:34.665243,north,1.41803,103.82,60,35,20,55,62,1,3
2024-04-22 14:56:11.698618,west,1.35735,103.7,57,39,18,28,79,1,5
2024-04-22 14:56:11.698618,east,1.35735,103.94,63,34,22,51,42,0,3
2024-04-22 14:56:11.698618,central,1.35735,103.82,55,27,15,62,61,0,3
2024-04-22 14:56:11.698618,south,1.29587,103.82,55,27,16,32,22,0,3
2024-04-22 14:56:11.698618,north,1.41803,103.82,60,35,20,55,62,1,3
2024-04-22 15:01:36.101328,west,1.35735,103.7,57,40,18,26,70,1,5
2024-04-22 15:01:36.101328,east,1.35735,103.94,63,35,22,50,40,0,3
2024-04-22 15:01:36.101328,central,1.35735,103.82,55,28,15,58,58,0,3
2024-04-22 15:01:36.101328,south,1.29587,103.82,54,26,15,32,21,0,3
2024-04-22 15:01:36.101328,north,1.41803,103.82,60,35,20,46,43,1,3
2024-04-22 15:06:13.073345,west,1.35735,103.7,57,40,18,26,70,1,5
2024-04-22 15:06:13.073345,east,1.35735,103.94,63,35,22,50,40,0,3
2024-04-22 15:06:13.073345,central,1.35735,103.82,55,28,15,58,58,0,3
2024-04-22 15:06:13.073345,south,1.29587,103.82,54,26,15,32,21,0,3
2024-04-22 15:06:13.073345,north,1.41803,103.82,60,35,20,46,43,1,3
2024-04-22 15:11:37.485383,west,1.35735,103.7,57,40,18,26,70,1,5
2024-04-22 15:11:37.485383,east,1.35735,103.94,63,35,22,50,40,0,3
2024-04-22 15:11:37.485383,central,1.35735,103.82,55,28,15,58,58,0,3
2024-04-22 15:11:37.485383,south,1.29587,103.82,54,26,15,32,21,0,3
2024-04-22 15:11:37.485383,north,1.41803,103.82,60,35,20,46,43,1,3
2024-04-22 15:16:14.424342,west,1.35735,103.7,57,40,18,26,70,1,5
2024-04-22 15:16:14.424342,east,1.35735,103.94,63,35,22,50,40,0,3
2024-04-22 15:16:14.424342,central,1.35735,103.82,55,28,15,58,58,0,3
2024-04-22 15:16:14.424342,south,1.29587,103.82,54,26,15,32,21,0,3
2024-04-22 15:16:14.424342,north,1.41803,103.82,60,35,20,46,43,1,3
2024-04-22 15:21:38.873685,west,1.35735,103.7,57,40,18,26,70,1,5
2024-04-22 15:21:38.873685,east,1.35735,103.94,63,35,22,50,40,0,3
2024-04-22 15:21:38.873685,central,1.35735,103.82,55,28,15,58,58,0,3
2024-04-22 15:21:38.873685,south,1.29587,103.82,54,26,15,32,21,0,3
2024-04-22 15:21:38.873685,north,1.41803,103.82,60,35,20,46,43,1,3
2024-04-22 15:26:15.751887,west,1.35735,103.7,57,40,18,26,70,1,5
2024-04-22 15:26:15.751887,east,1.35735,103.94,63,35,22,50,40,0,3
2024-04-22 15:26:15.751887,central,1.35735,103.82,55,28,15,58,58,0,3
2024-04-22 15:26:15.751887,south,1.29587,103.82,54,26,15,32,21,0,3
2024-04-22 15:26:15.751887,north,1.41803,103.82,60,35,20,46,43,1,3
2024-04-22 15:31:40.274425,west,1.35735,103.7,57,40,18,26,70,1,5
2024-04-22 15:31:40.274425,east,1.35735,103.94,63,35,22,50,40,0,3
2024-04-22 15:31:40.274425,central,1.35735,103.82,55,28,15,58,58,0,3
2024-04-22 15:31:40.274425,south,1.29587,103.82,54,26,15,32,21,0,3
2024-04-22 15:31:40.274425,north,1.41803,103.82,60,35,20,46,43,1,3
2024-04-22 15:36:17.087778,west,1.35735,103.7,57,40,18,26,70,1,5
2024-04-22 15:36:17.087778,east,1.35735,103.94,63,35,22,50,40,0,3
2024-04-22 15:36:17.087778,central,1.35735,103.82,55,28,15,58,58,0,3
2024-04-22 15:36:17.087778,south,1.29587,103.82,54,26,15,32,21,0,3
2024-04-22 15:36:17.087778,north,1.41803,103.82,60,35,20,46,43,1,3
2024-04-22 15:41:41.689609,west,1.35735,103.7,57,40,18,26,70,1,5
2024-04-22 15:41:41.689609,east,1.35735,103.94,63,35,22,50,40,0,3
2024-04-22 15:41:41.689609,central,1.35735,103.82,55,28,15,58,58,0,3
2024-04-22 15:41:41.689609,south,1.29587,103.82,54,26,15,32,21,0,3
2024-04-22 15:41:41.689609,north,1.41803,103.82,60,35,20,46,43,1,3
2024-04-22 15:46:18.435567,west,1.35735,103.7,57,40,18,26,70,1,5
2024-04-22 15:46:18.435567,east,1.35735,103.94,63,35,22,50,40,0,3
2024-04-22 15:46:18.435567,central,1.35735,103.82,55,28,15,58,58,0,3
2024-04-22 15:46:18.435567,south,1.29587,103.82,54,26,15,32,21,0,3
2024-04-22 15:46:18.435567,north,1.41803,103.82,60,35,20,46,43,1,3
2024-04-22 15:51:44.157608,west,1.35735,103.7,57,40,18,26,70,1,5
2024-04-22 15:51:44.157608,east,1.35735,103.94,63,35,22,50,40,0,3
2024-04-22 15:51:44.157608,central,1.35735,103.82,55,28,15,58,58,0,3
2024-04-22 15:51:44.157608,south,1.29587,103.82,54,26,15,32,21,0,3
2024-04-22 15:51:44.157608,north,1.41803,103.82,60,35,20,46,43,1,3
2024-04-22 15:56:19.770334,west,1.35735,103.7,57,40,18,26,70,1,5
2024-04-22 15:56:19.770334,east,1.35735,103.94,63,35,22,50,40,0,3
2024-04-22 15:56:19.770334,central,1.35735,103.82,55,28,15,58,58,0,3
2024-04-22 15:56:19.770334,south,1.29587,103.82,54,26,15,32,21,0,3
2024-04-22 15:56:19.770334,north,1.41803,103.82,60,35,20,46,43,1,3
2024-04-22 16:01:45.515676,west,1.35735,103.7,57,39,18,24,66,1,5
2024-04-22 16:01:45.515676,east,1.35735,103.94,62,35,22,51,33,0,3
2024-04-22 16:01:45.515676,central,1.35735,103.82,55,28,16,53,48,0,3
2024-04-22 16:01:45.515676,south,1.29587,103.82,54,26,15,29,22,0,3
2024-04-22 16:01:45.515676,north,1.41803,103.82,59,35,19,41,56,1,3
2024-04-22 16:06:21.119664,west,1.35735,103.7,57,39,18,24,66,1,5
2024-04-22 16:06:21.119664,east,1.35735,103.94,62,35,22,51,33,0,3
2024-04-22 16:06:21.119664,central,1.35735,103.82,55,28,16,53,48,0,3
2024-04-22 16:06:21.119664,south,1.29587,103.82,54,26,15,29,22,0,3
2024-04-22 16:06:21.119664,north,1.41803,103.82,59,35,19,41,56,1,3
2024-04-22 16:11:46.887687,west,1.35735,103.7,57,39,18,24,66,1,5
2024-04-22 16:11:46.887687,east,1.35735,103.94,62,35,22,51,33,0,3
2024-04-22 16:11:46.887687,central,1.35735,103.82,55,28,16,53,48,0,3
2024-04-22 16:11:46.887687,south,1.29587,103.82,54,26,15,29,22,0,3
2024-04-22 16:11:46.887687,north,1.41803,103.82,59,35,19,41,56,1,3
2024-04-22 16:16:22.494280,west,1.35735,103.7,57,39,18,24,66,1,5
2024-04-22 16:16:22.494280,east,1.35735,103.94,62,35,22,51,33,0,3
2024-04-22 16:16:22.494280,central,1.35735,103.82,55,28,16,53,48,0,3
2024-04-22 16:16:22.494280,south,1.29587,103.82,54,26,15,29,22,0,3
2024-04-22 16:16:22.494280,north,1.41803,103.82,59,35,19,41,56,1,3
2024-04-22 16:21:48.310782,west,1.35735,103.7,57,39,18,24,66,1,5
2024-04-22 16:21:48.310782,east,1.35735,103.94,62,35,22,51,33,0,3
2024-04-22 16:21:48.310782,central,1.35735,103.82,55,28,16,53,48,0,3
2024-04-22 16:21:48.310782,south,1.29587,103.82,54,26,15,29,22,0,3
2024-04-22 16:21:48.310782,north,1.41803,103.82,59,35,19,41,56,1,3
2024-04-22 16:26:23.893957,west,1.35735,103.7,57,39,18,24,66,1,5
2024-04-22 16:26:23.893957,east,1.35735,103.94,62,35,22,51,33,0,3
2024-04-22 16:26:23.893957,central,1.35735,103.82,55,28,16,53,48,0,3
2024-04-22 16:26:23.893957,south,1.29587,103.82,54,26,15,29,22,0,3
2024-04-22 16:26:23.893957,north,1.41803,103.82,59,35,19,41,56,1,3
2024-04-22 16:31:49.685324,west,1.35735,103.7,57,39,18,24,66,1,5
2024-04-22 16:31:49.685324,east,1.35735,103.94,62,35,22,51,33,0,3
2024-04-22 16:31:49.685324,central,1.35735,103.82,55,28,16,53,48,0,3
2024-04-22 16:31:49.685324,south,1.29587,103.82,54,26,15,29,22,0,3
2024-04-22 16:31:49.685324,north,1.41803,103.82,59,35,19,41,56,1,3
2024-04-22 16:36:25.596700,west,1.35735,103.7,57,39,18,24,66,1,5
2024-04-22 16:36:25.596700,east,1.35735,103.94,62,35,22,51,33,0,3
2024-04-22 16:36:25.596700,central,1.35735,103.82,55,28,16,53,48,0,3
2024-04-22 16:36:25.596700,south,1.29587,103.82,54,26,15,29,22,0,3
2024-04-22 16:36:25.596700,north,1.41803,103.82,59,35,19,41,56,1,3
2024-04-22 16:41:51.316685,west,1.35735,103.7,57,39,18,24,66,1,5
2024-04-22 16:41:51.316685,east,1.35735,103.94,62,35,22,51,33,0,3
2024-04-22 16:41:51.316685,central,1.35735,103.82,55,28,16,53,48,0,3
2024-04-22 16:41:51.316685,south,1.29587,103.82,54,26,15,29,22,0,3
2024-04-22 16:41:51.316685,north,1.41803,103.82,59,35,19,41,56,1,3
2024-04-22 16:46:26.972360,west,1.35735,103.7,57,39,18,24,66,1,5
2024-04-22 16:46:26.972360,east,1.35735,103.94,62,35,22,51,33,0,3
2024-04-22 16:46:26.972360,central,1.35735,103.82,55,28,16,53,48,0,3
2024-04-22 16:46:26.972360,south,1.29587,103.82,54,26,15,29,22,0,3
2024-04-22 16:46:26.972360,north,1.41803,103.82,59,35,19,41,56,1,3
2024-04-22 16:51:53.388521,west,1.35735,103.7,57,39,18,24,66,1,5
2024-04-22 16:51:53.388521,east,1.35735,103.94,62,35,22,51,33,0,3
2024-04-22 16:51:53.388521,central,1.35735,103.82,55,28,16,53,48,0,3
2024-04-22 16:51:53.388521,south,1.29587,103.82,54,26,15,29,22,0,3
2024-04-22 16:51:53.388521,north,1.41803,103.82,59,35,19,41,56,1,3
2024-04-22 16:56:28.514679,west,1.35735,103.7,57,39,18,24,66,1,5
2024-04-22 16:56:28.514679,east,1.35735,103.94,62,35,22,51,33,0,3
2024-04-22 16:56:28.514679,central,1.35735,103.82,55,28,16,53,48,0,3
2024-04-22 16:56:28.514679,south,1.29587,103.82,54,26,15,29,22,0,3
2024-04-22 16:56:28.514679,north,1.41803,103.82,59,35,19,41,56,1,3
2024-04-22 17:01:54.807447,west,1.35735,103.7,57,40,18,19,70,1,5
2024-04-22 17:01:54.807447,east,1.35735,103.94,61,35,21,48,30,0,3
2024-04-22 17:01:54.807447,central,1.35735,103.82,55,29,16,45,32,0,3
2024-04-22 17:01:54.807447,south,1.29587,103.82,54,26,15,23,24,0,3
2024-04-22 17:01:54.807447,north,1.41803,103.82,59,34,19,35,71,1,3
2024-04-22 17:06:30.012792,west,1.35735,103.7,57,40,18,19,70,1,5
2024-04-22 17:06:30.012792,east,1.35735,103.94,61,35,21,48,30,0,3
2024-04-22 17:06:30.012792,central,1.35735,103.82,55,29,16,45,32,0,3
2024-04-22 17:06:30.012792,south,1.29587,103.82,54,26,15,23,24,0,3
2024-04-22 17:06:30.012792,north,1.41803,103.82,59,34,19,35,71,1,3
2024-04-22 17:11:56.187667,west,1.35735,103.7,57,40,18,19,70,1,5
2024-04-22 17:11:56.187667,east,1.35735,103.94,61,35,21,48,30,0,3
2024-04-22 17:11:56.187667,central,1.35735,103.82,55,29,16,45,32,0,3
2024-04-22 17:11:56.187667,south,1.29587,103.82,54,26,15,23,24,0,3
2024-04-22 17:11:56.187667,north,1.41803,103.82,59,34,19,35,71,1,3
2024-04-22 17:16:31.353308,west,1.35735,103.7,57,40,18,19,70,1,5
2024-04-22 17:16:31.353308,east,1.35735,103.94,61,35,21,48,30,0,3
2024-04-22 17:16:31.353308,central,1.35735,103.82,55,29,16,45,32,0,3
2024-04-22 17:16:31.353308,south,1.29587,103.82,54,26,15,23,24,0,3
2024-04-22 17:16:31.353308,north,1.41803,103.82,59,34,19,35,71,1,3
2024-04-22 17:21:57.578687,west,1.35735,103.7,57,40,18,19,70,1,5
2024-04-22 17:21:57.578687,east,1.35735,103.94,61,35,21,48,30,0,3
2024-04-22 17:21:57.578687,central,1.35735,103.82,55,29,16,45,32,0,3
2024-04-22 17:21:57.578687,south,1.29587,103.82,54,26,15,23,24,0,3
2024-04-22 17:21:57.578687,north,1.41803,103.82,59,34,19,35,71,1,3
2024-04-22 17:26:32.690638,west,1.35735,103.7,57,40,18,19,70,1,5
2024-04-22 17:26:32.690638,east,1.35735,103.94,61,35,21,48,30,0,3
2024-04-22 17:26:32.690638,central,1.35735,103.82,55,29,16,45,32,0,3
2024-04-22 17:26:32.690638,south,1.29587,103.82,54,26,15,23,24,0,3
2024-04-22 17:26:32.690638,north,1.41803,103.82,59,34,19,35,71,1,3
2024-04-22 17:31:58.994678,west,1.35735,103.7,57,40,18,19,70,1,5
2024-04-22 17:31:58.994678,east,1.35735,103.94,61,35,21,48,30,0,3
2024-04-22 17:31:58.994678,central,1.35735,103.82,55,29,16,45,32,0,3
2024-04-22 17:31:58.994678,south,1.29587,103.82,54,26,15,23,24,0,3
2024-04-22 17:31:58.994678,north,1.41803,103.82,59,34,19,35,71,1,3
2024-04-22 17:36:34.032916,west,1.35735,103.7,57,40,18,19,70,1,5
2024-04-22 17:36:34.032916,east,1.35735,103.94,61,35,21,48,30,0,3
2024-04-22 17:36:34.032916,central,1.35735,103.82,55,29,16,45,32,0,3
2024-04-22 17:36:34.032916,south,1.29587,103.82,54,26,15,23,24,0,3
2024-04-22 17:36:34.032916,north,1.41803,103.82,59,34,19,35,71,1,3
2024-04-22 17:42:00.364713,west,1.35735,103.7,57,40,18,19,70,1,5
2024-04-22 17:42:00.364713,east,1.35735,103.94,61,35,21,48,30,0,3
2024-04-22 17:42:00.364713,central,1.35735,103.82,55,29,16,45,32,0,3
2024-04-22 17:42:00.364713,south,1.29587,103.82,54,26,15,23,24,0,3
2024-04-22 17:42:00.364713,north,1.41803,103.82,59,34,19,35,71,1,3
2024-04-22 17:46:35.456623,west,1.35735,103.7,57,40,18,19,70,1,5
2024-04-22 17:46:35.456623,east,1.35735,103.94,61,35,21,48,30,0,3
2024-04-22 17:46:35.456623,central,1.35735,103.82,55,29,16,45,32,0,3
2024-04-22 17:46:35.456623,south,1.29587,103.82,54,26,15,23,24,0,3
2024-04-22 17:46:35.456623,north,1.41803,103.82,59,34,19,35,71,1,3
2024-04-22 17:52:01.756855,west,1.35735,103.7,57,40,18,19,70,1,5
2024-04-22 17:52:01.756855,east,1.35735,103.94,61,35,21,48,30,0,3
2024-04-22 17:52:01.756855,central,1.35735,103.82,55,29,16,45,32,0,3
2024-04-22 17:52:01.756855,south,1.29587,103.82,54,26,15,23,24,0,3
2024-04-22 17:52:01.756855,north,1.41803,103.82,59,34,19,35,71,1,3
2024-04-22 17:56:36.847058,west,1.35735,103.7,57,40,18,19,70,1,5
2024-04-22 17:56:36.847058,east,1.35735,103.94,61,35,21,48,30,0,3
2024-04-22 17:56:36.847058,central,1.35735,103.82,55,29,16,45,32,0,3
2024-04-22 17:56:36.847058,south,1.29587,103.82,54,26,15,23,24,0,3
2024-04-22 17:56:36.847058,north,1.41803,103.82,59,34,19,35,71,1,3
2024-04-22 18:02:03.189856,west,1.35735,103.7,57,41,18,13,60,1,5
2024-04-22 18:02:03.189856,east,1.35735,103.94,60,34,20,42,22,0,3
2024-04-22 18:02:03.189856,central,1.35735,103.82,56,31,16,36,29,0,3
2024-04-22 18:02:03.189856,south,1.29587,103.82,54,26,15,19,20,0,3
2024-04-22 18:02:03.189856,north,1.41803,103.82,58,35,18,29,86,1,3
2024-04-22 18:06:38.280482,west,1.35735,103.7,57,41,18,13,60,1,5
2024-04-22 18:06:38.280482,east,1.35735,103.94,60,34,20,42,22,0,3
2024-04-22 18:06:38.280482,central,1.35735,103.82,56,31,16,36,29,0,3
2024-04-22 18:06:38.280482,south,1.29587,103.82,54,26,15,19,20,0,3
2024-04-22 18:06:38.280482,north,1.41803,103.82,58,35,18,29,86,1,3
2024-04-22 18:12:04.572843,west,1.35735,103.7,57,41,18,13,60,1,5
2024-04-22 18:12:04.572843,east,1.35735,103.94,60,34,20,42,22,0,3
2024-04-22 18:12:04.572843,central,1.35735,103.82,56,31,16,36,29,0,3
2024-04-22 18:12:04.572843,south,1.29587,103.82,54,26,15,19,20,0,3
2024-04-22 18:12:04.572843,north,1.41803,103.82,58,35,18,29,86,1,3
2024-04-22 18:16:39.618103,west,1.35735,103.7,57,41,18,13,60,1,5
2024-04-22 18:16:39.618103,east,1.35735,103.94,60,34,20,42,22,0,3
2024-04-22 18:16:39.618103,central,1.35735,103.82,56,31,16,36,29,0,3
2024-04-22 18:16:39.618103,south,1.29587,103.82,54,26,15,19,20,0,3
2024-04-22 18:16:39.618103,north,1.41803,103.82,58,35,18,29,86,1,3
2024-04-22 18:22:05.980735,west,1.35735,103.7,57,41,18,13,60,1,5
2024-04-22 18:22:05.980735,east,1.35735,103.94,60,34,20,42,22,0,3
2024-04-22 18:22:05.980735,central,1.35735,103.82,56,31,16,36,29,0,3
2024-04-22 18:22:05.980735,south,1.29587,103.82,54,26,15,19,20,0,3
2024-04-22 18:22:05.980735,north,1.41803,103.82,58,35,18,29,86,1,3
2024-04-22 18:26:41.001154,west,1.35735,103.7,57,41,18,13,60,1,5
2024-04-22 18:26:41.001154,east,1.35735,103.94,60,34,20,42,22,0,3
2024-04-22 18:26:41.001154,central,1.35735,103.82,56,31,16,36,29,0,3
2024-04-22 18:26:41.001154,south,1.29587,103.82,54,26,15,19,20,0,3
2024-04-22 18:26:41.001154,north,1.41803,103.82,58,35,18,29,86,1,3
2024-04-22 18:32:07.378410,west,1.35735,103.7,57,41,18,13,60,1,5
2024-04-22 18:32:07.378410,east,1.35735,103.94,60,34,20,42,22,0,3
2024-04-22 18:32:07.378410,central,1.35735,103.82,56,31,16,36,29,0,3
2024-04-22 18:32:07.378410,south,1.29587,103.82,54,26,15,19,20,0,3
2024-04-22 18:32:07.378410,north,1.41803,103.82,58,35,18,29,86,1,3
2024-04-22 18:36:42.399044,west,1.35735,103.7,57,41,18,13,60,1,5
2024-04-22 18:36:42.399044,east,1.35735,103.94,60,34,20,42,22,0,3
2024-04-22 18:36:42.399044,central,1.35735,103.82,56,31,16,36,29,0,3
2024-04-22 18:36:42.399044,south,1.29587,103.82,54,26,15,19,20,0,3
2024-04-22 18:36:42.399044,north,1.41803,103.82,58,35,18,29,86,1,3
2024-04-22 18:42:08.814512,west,1.35735,103.7,57,41,18,13,60,1,5
2024-04-22 18:42:08.814512,east,1.35735,103.94,60,34,20,42,22,0,3
2024-04-22 18:42:08.814512,central,1.35735,103.82,56,31,16,36,29,0,3
2024-04-22 18:42:08.814512,south,1.29587,103.82,54,26,15,19,20,0,3
2024-04-22 18:42:08.814512,north,1.41803,103.82,58,35,18,29,86,1,3
2024-04-22 18:46:43.799110,west,1.35735,103.7,57,41,18,13,60,1,5
2024-04-22 18:46:43.799110,east,1.35735,103.94,60,34,20,42,22,0,3
2024-04-22 18:46:43.799110,central,1.35735,103.82,56,31,16,36,29,0,3
2024-04-22 18:46:43.799110,south,1.29587,103.82,54,26,15,19,20,0,3
2024-04-22 18:46:43.799110,north,1.41803,103.82,58,35,18,29,86,1,3
2024-04-22 18:52:10.213151,west,1.35735,103.7,57,41,18,13,60,1,5
2024-04-22 18:52:10.213151,east,1.35735,103.94,60,34,20,42,22,0,3
2024-04-22 18:52:10.213151,central,1.35735,103.82,56,31,16,36,29,0,3
2024-04-22 18:52:10.213151,south,1.29587,103.82,54,26,15,19,20,0,3
2024-04-22 18:52:10.213151,north,1.41803,103.82,58,35,18,29,86,1,3
2024-04-22 18:56:45.188477,west,1.35735,103.7,57,41,18,13,60,1,5
2024-04-22 18:56:45.188477,east,1.35735,103.94,60,34,20,42,22,0,3
2024-04-22 18:56:45.188477,central,1.35735,103.82,56,31,16,36,29,0,3
2024-04-22 18:56:45.188477,south,1.29587,103.82,54,26,15,19,20,0,3
2024-04-22 18:56:45.188477,north,1.41803,103.82,58,35,18,29,86,1,3
2024-04-22 19:02:11.644536,west,1.35735,103.7,57,42,18,9,52,1,5
2024-04-22 19:02:11.644536,east,1.35735,103.94,59,34,19,36,32,0,3
2024-04-22 19:02:11.644536,central,1.35735,103.82,56,32,17,29,26,0,3
2024-04-22 19:02:11.644536,south,1.29587,103.82,54,26,15,16,19,0,3
2024-04-22 19:02:11.644536,north,1.41803,103.82,58,35,19,24,82,1,3
2024-04-22 19:06:46.658961,west,1.35735,103.7,57,42,18,9,52,1,5
2024-04-22 19:06:46.658961,east,1.35735,103.94,59,34,19,36,32,0,3
2024-04-22 19:06:46.658961,central,1.35735,103.82,56,32,17,29,26,0,3
2024-04-22 19:06:46.658961,south,1.29587,103.82,54,26,15,16,19,0,3
2024-04-22 19:06:46.658961,north,1.41803,103.82,58,35,19,24,82,1,3
2024-04-22 19:12:13.085679,west,1.35735,103.7,57,42,18,9,52,1,5
2024-04-22 19:12:13.085679,east,1.35735,103.94,59,34,19,36,32,0,3
2024-04-22 19:12:13.085679,central,1.35735,103.82,56,32,17,29,26,0,3
2024-04-22 19:12:13.085679,south,1.29587,103.82,54,26,15,16,19,0,3
2024-04-22 19:12:13.085679,north,1.41803,103.82,58,35,19,24,82,1,3
2024-04-22 19:16:48.159678,west,1.35735,103.7,57,42,18,9,52,1,5
2024-04-22 19:16:48.159678,east,1.35735,103.94,59,34,19,36,32,0,3
2024-04-22 19:16:48.159678,central,1.35735,103.82,56,32,17,29,26,0,3
2024-04-22 19:16:48.159678,south,1.29587,103.82,54,26,15,16,19,0,3
2024-04-22 19:16:48.159678,north,1.41803,103.82,58,35,19,24,82,1,3
2024-04-22 19:22:14.504685,west,1.35735,103.7,57,42,18,9,52,1,5
2024-04-22 19:22:14.504685,east,1.35735,103.94,59,34,19,36,32,0,3
2024-04-22 19:22:14.504685,central,1.35735,103.82,56,32,17,29,26,0,3
2024-04-22 19:22:14.504685,south,1.29587,103.82,54,26,15,16,19,0,3
2024-04-22 19:22:14.504685,north,1.41803,103.82,58,35,19,24,82,1,3
2024-04-22 19:26:49.515662,west,1.35735,103.7,57,42,18,9,52,1,5
2024-04-22 19:26:49.515662,east,1.35735,103.94,59,34,19,36,32,0,3
2024-04-22 19:26:49.515662,central,1.35735,103.82,56,32,17,29,26,0,3
2024-04-22 19:26:49.515662,south,1.29587,103.82,54,26,15,16,19,0,3
2024-04-22 19:26:49.515662,north,1.41803,103.82,58,35,19,24,82,1,3
2024-04-22 19:32:15.888695,west,1.35735,103.7,57,42,18,9,52,1,5
2024-04-22 19:32:15.888695,east,1.35735,103.94,59,34,19,36,32,0,3
2024-04-22 19:32:15.888695,central,1.35735,103.82,56,32,17,29,26,0,3
2024-04-22 19:32:15.888695,south,1.29587,103.82,54,26,15,16,19,0,3
2024-04-22 19:32:15.888695,north,1.41803,103.82,58,35,19,24,82,1,3
2024-04-22 19:36:50.925405,west,1.35735,103.7,57,42,18,9,52,1,5
2024-04-22 19:36:50.925405,east,1.35735,103.94,59,34,19,36,32,0,3
2024-04-22 19:36:50.925405,central,1.35735,103.82,56,32,17,29,26,0,3
2024-04-22 19:36:50.925405,south,1.29587,103.82,54,26,15,16,19,0,3
2024-04-22 19:36:50.925405,north,1.41803,103.82,58,35,19,24,82,1,3
2024-04-22 19:42:17.294636,west,1.35735,103.7,57,42,18,9,52,1,5
2024-04-22 19:42:17.294636,east,1.35735,103.94,59,34,19,36,32,0,3
2024-04-22 19:42:17.294636,central,1.35735,103.82,56,32,17,29,26,0,3
2024-04-22 19:42:17.294636,south,1.29587,103.82,54,26,15,16,19,0,3
2024-04-22 19:42:17.294636,north,1.41803,103.82,58,35,19,24,82,1,3
2024-04-22 19:46:52.285307,west,1.35735,103.7,57,42,18,9,52,1,5
2024-04-22 19:46:52.285307,east,1.35735,103.94,59,34,19,36,32,0,3
2024-04-22 19:46:52.285307,central,1.35735,103.82,56,32,17,29,26,0,3
2024-04-22 19:46:52.285307,south,1.29587,103.82,54,26,15,16,19,0,3
2024-04-22 19:46:52.285307,north,1.41803,103.82,58,35,19,24,82,1,3
2024-04-22 19:52:18.693440,west,1.35735,103.7,57,42,18,9,52,1,5
2024-04-22 19:52:18.693440,east,1.35735,103.94,59,34,19,36,32,0,3
2024-04-22 19:52:18.693440,central,1.35735,103.82,56,32,17,29,26,0,3
2024-04-22 19:52:18.693440,south,1.29587,103.82,54,26,15,16,19,0,3
2024-04-22 19:52:18.693440,north,1.41803,103.82,58,35,19,24,82,1,3
2024-04-22 19:56:53.756844,west,1.35735,103.7,57,42,18,9,52,1,5
2024-04-22 19:56:53.756844,east,1.35735,103.94,59,34,19,36,32,0,3
2024-04-22 19:56:53.756844,central,1.35735,103.82,56,32,17,29,26,0,3
2024-04-22 19:56:53.756844,south,1.29587,103.82,54,26,15,16,19,0,3
2024-04-22 19:56:53.756844,north,1.41803,103.82,58,35,19,24,82,1,3
2024-04-22 20:02:20.136109,west,1.35735,103.7,58,42,18,7,53,1,5
2024-04-22 20:02:20.136109,east,1.35735,103.94,59,34,19,32,30,0,3
2024-04-22 20:02:20.136109,central,1.35735,103.82,56,33,17,25,29,0,3
2024-04-22 20:02:20.136109,south,1.29587,103.82,54,26,15,13,19,1,3
2024-04-22 20:02:20.136109,north,1.41803,103.82,59,36,19,20,70,1,3
2024-04-22 20:06:55.210701,west,1.35735,103.7,58,42,18,7,53,1,5
2024-04-22 20:06:55.210701,east,1.35735,103.94,59,34,19,32,30,0,3
2024-04-22 20:06:55.210701,central,1.35735,103.82,56,33,17,25,29,0,3
2024-04-22 20:06:55.210701,south,1.29587,103.82,54,26,15,13,19,1,3
2024-04-22 20:06:55.210701,north,1.41803,103.82,59,36,19,20,70,1,3
2024-04-22 20:12:21.572680,west,1.35735,103.7,58,42,18,7,53,1,5
2024-04-22 20:12:21.572680,east,1.35735,103.94,59,34,19,32,30,0,3
2024-04-22 20:12:21.572680,central,1.35735,103.82,56,33,17,25,29,0,3
2024-04-22 20:12:21.572680,south,1.29587,103.82,54,26,15,13,19,1,3
2024-04-22 20:12:21.572680,north,1.41803,103.82,59,36,19,20,70,1,3
2024-04-22 20:16:56.608680,west,1.35735,103.7,58,42,18,7,53,1,5
2024-04-22 20:16:56.608680,east,1.35735,103.94,59,34,19,32,30,0,3
2024-04-22 20:16:56.608680,central,1.35735,103.82,56,33,17,25,29,0,3
2024-04-22 20:16:56.608680,south,1.29587,103.82,54,26,15,13,19,1,3
2024-04-22 20:16:56.608680,north,1.41803,103.82,59,36,19,20,70,1,3
2024-04-22 20:22:23.000965,west,1.35735,103.7,58,42,18,7,53,1,5
2024-04-22 20:22:23.000965,east,1.35735,103.94,59,34,19,32,30,0,3
2024-04-22 20:22:23.000965,central,1.35735,103.82,56,33,17,25,29,0,3
2024-04-22 20:22:23.000965,south,1.29587,103.82,54,26,15,13,19,1,3
2024-04-22 20:22:23.000965,north,1.41803,103.82,59,36,19,20,70,1,3
2024-04-22 20:26:58.008707,west,1.35735,103.7,58,42,18,7,53,1,5
2024-04-22 20:26:58.008707,east,1.35735,103.94,59,34,19,32,30,0,3
2024-04-22 20:26:58.008707,central,1.35735,103.82,56,33,17,25,29,0,3
2024-04-22 20:26:58.008707,south,1.29587,103.82,54,26,15,13,19,1,3
2024-04-22 20:26:58.008707,north,1.41803,103.82,59,36,19,20,70,1,3
2024-04-22 20:32:24.388703,west,1.35735,103.7,58,42,18,7,53,1,5
2024-04-22 20:32:24.388703,east,1.35735,103.94,59,34,19,32,30,0,3
2024-04-22 20:32:24.388703,central,1.35735,103.82,56,33,17,25,29,0,3
2024-04-22 20:32:24.388703,south,1.29587,103.82,54,26,15,13,19,1,3
2024-04-22 20:32:24.388703,north,1.41803,103.82,59,36,19,20,70,1,3
2024-04-22 20:36:59.354756,west,1.35735,103.7,58,42,18,7,53,1,5
2024-04-22 20:36:59.354756,east,1.35735,103.94,59,34,19,32,30,0,3
2024-04-22 20:36:59.354756,central,1.35735,103.82,56,33,17,25,29,0,3
2024-04-22 20:36:59.354756,south,1.29587,103.82,54,26,15,13,19,1,3
2024-04-22 20:36:59.354756,north,1.41803,103.82,59,36,19,20,70,1,3
2024-04-22 20:42:25.790963,west,1.35735,103.7,58,42,18,7,53,1,5
2024-04-22 20:42:25.790963,east,1.35735,103.94,59,34,19,32,30,0,3
2024-04-22 20:42:25.790963,central,1.35735,103.82,56,33,17,25,29,0,3
2024-04-22 20:42:25.790963,south,1.29587,103.82,54,26,15,13,19,1,3
2024-04-22 20:42:25.790963,north,1.41803,103.82,59,36,19,20,70,1,3
2024-04-22 20:47:00.701818,west,1.35735,103.7,58,42,18,7,53,1,5
2024-04-22 20:47:00.701818,east,1.35735,103.94,59,34,19,32,30,0,3
2024-04-22 20:47:00.701818,central,1.35735,103.82,56,33,17,25,29,0,3
2024-04-22 20:47:00.701818,south,1.29587,103.82,54,26,15,13,19,1,3
2024-04-22 20:47:00.701818,north,1.41803,103.82,59,36,19,20,70,1,3
2024-04-22 20:52:27.188268,west,1.35735,103.7,58,42,18,7,53,1,5
2024-04-22 20:52:27.188268,east,1.35735,103.94,59,34,19,32,30,0,3
2024-04-22 20:52:27.188268,central,1.35735,103.82,56,33,17,25,29,0,3
2024-04-22 20:52:27.188268,south,1.29587,103.82,54,26,15,13,19,1,3
2024-04-22 20:52:27.188268,north,1.41803,103.82,59,36,19,20,70,1,3
2024-04-22 20:57:02.072965,west,1.35735,103.7,58,42,18,7,53,1,5
2024-04-22 20:57:02.072965,east,1.35735,103.94,59,34,19,32,30,0,3
2024-04-22 20:57:02.072965,central,1.35735,103.82,56,33,17,25,29,0,3
2024-04-22 20:57:02.072965,south,1.29587,103.82,54,26,15,13,19,1,3
2024-04-22 20:57:02.072965,north,1.41803,103.82,59,36,19,20,70,1,3
2024-04-22 21:02:28.599507,west,1.35735,103.7,58,42,18,5,59,1,5
2024-04-22 21:02:28.599507,east,1.35735,103.94,58,33,18,28,28,0,3
2024-04-22 21:02:28.599507,central,1.35735,103.82,57,32,17,21,32,0,3
2024-04-22 21:02:28.599507,south,1.29587,103.82,54,25,15,11,19,1,3
2024-04-22 21:02:28.599507,north,1.41803,103.82,59,36,19,17,64,1,3
2024-04-22 21:07:03.473163,west,1.35735,103.7,58,42,18,5,59,1,5
2024-04-22 21:07:03.473163,east,1.35735,103.94,58,33,18,28,28,0,3
2024-04-22 21:07:03.473163,central,1.35735,103.82,57,32,17,21,32,0,3
2024-04-22 21:07:03.473163,south,1.29587,103.82,54,25,15,11,19,1,3
2024-04-22 21:07:03.473163,north,1.41803,103.82,59,36,19,17,64,1,3
2024-04-22 21:12:29.995877,west,1.35735,103.7,58,42,18,5,59,1,5
2024-04-22 21:12:29.995877,east,1.35735,103.94,58,33,18,28,28,0,3
2024-04-22 21:12:29.995877,central,1.35735,103.82,57,32,17,21,32,0,3
2024-04-22 21:12:29.995877,south,1.29587,103.82,54,25,15,11,19,1,3
2024-04-22 21:12:29.995877,north,1.41803,103.82,59,36,19,17,64,1,3
2024-04-22 21:17:04.838333,west,1.35735,103.7,58,42,18,5,59,1,5
2024-04-22 21:17:04.838333,east,1.35735,103.94,58,33,18,28,28,0,3
2024-04-22 21:17:04.838333,central,1.35735,103.82,57,32,17,21,32,0,3
2024-04-22 21:17:04.838333,south,1.29587,103.82,54,25,15,11,19,1,3
2024-04-22 21:17:04.838333,north,1.41803,103.82,59,36,19,17,64,1,3
2024-04-22 21:22:31.366874,west,1.35735,103.7,58,42,18,5,59,1,5
2024-04-22 21:22:31.366874,east,1.35735,103.94,58,33,18,28,28,0,3
2024-04-22 21:22:31.366874,central,1.35735,103.82,57,32,17,21,32,0,3
2024-04-22 21:22:31.366874,south,1.29587,103.82,54,25,15,11,19,1,3
2024-04-22 21:22:31.366874,north,1.41803,103.82,59,36,19,17,64,1,3
2024-04-22 21:27:06.209750,west,1.35735,103.7,58,42,18,5,59,1,5
2024-04-22 21:27:06.209750,east,1.35735,103.94,58,33,18,28,28,0,3
2024-04-22 21:27:06.209750,central,1.35735,103.82,57,32,17,21,32,0,3
2024-04-22 21:27:06.209750,south,1.29587,103.82,54,25,15,11,19,1,3
2024-04-22 21:27:06.209750,north,1.41803,103.82,59,36,19,17,64,1,3
2024-04-22 21:32:32.786600,west,1.35735,103.7,58,42,18,5,59,1,5
2024-04-22 21:32:32.786600,east,1.35735,103.94,58,33,18,28,28,0,3
2024-04-22 21:32:32.786600,central,1.35735,103.82,57,32,17,21,32,0,3
2024-04-22 21:32:32.786600,south,1.29587,103.82,54,25,15,11,19,1,3
2024-04-22 21:32:32.786600,north,1.41803,103.82,59,36,19,17,64,1,3
2024-04-22 21:37:07.577066,west,1.35735,103.7,58,42,18,5,59,1,5
2024-04-22 21:37:07.577066,east,1.35735,103.94,58,33,18,28,28,0,3
2024-04-22 21:37:07.577066,central,1.35735,103.82,57,32,17,21,32,0,3
2024-04-22 21:37:07.577066,south,1.29587,103.82,54,25,15,11,19,1,3
2024-04-22 21:37:07.577066,north,1.41803,103.82,59,36,19,17,64,1,3
2024-04-22 21:42:34.200604,west,1.35735,103.7,58,42,18,5,59,1,5
2024-04-22 21:42:34.200604,east,1.35735,103.94,58,33,18,28,28,0,3
2024-04-22 21:42:34.200604,central,1.35735,103.82,57,32,17,21,32,0,3
2024-04-22 21:42:34.200604,south,1.29587,103.82,54,25,15,11,19,1,3
2024-04-22 21:42:34.200604,north,1.41803,103.82,59,36,19,17,64,1,3
2024-04-22 21:47:09.012086,west,1.35735,103.7,58,42,18,5,59,1,5
2024-04-22 21:47:09.012086,east,1.35735,103.94,58,33,18,28,28,0,3
2024-04-22 21:47:09.012086,central,1.35735,103.82,57,32,17,21,32,0,3
2024-04-22 21:47:09.012086,south,1.29587,103.82,54,25,15,11,19,1,3
2024-04-22 21:47:09.012086,north,1.41803,103.82,59,36,19,17,64,1,3
2024-04-22 21:52:35.627040,west,1.35735,103.7,58,42,18,5,59,1,5
2024-04-22 21:52:35.627040,east,1.35735,103.94,58,33,18,28,28,0,3
2024-04-22 21:52:35.627040,central,1.35735,103.82,57,32,17,21,32,0,3
2024-04-22 21:52:35.627040,south,1.29587,103.82,54,25,15,11,19,1,3
2024-04-22 21:52:35.627040,north,1.41803,103.82,59,36,19,17,64,1,3
2024-04-22 21:57:10.370909,west,1.35735,103.7,58,42,18,5,59,1,5
2024-04-22 21:57:10.370909,east,1.35735,103.94,58,33,18,28,28,0,3
2024-04-22 21:57:10.370909,central,1.35735,103.82,57,32,17,21,32,0,3
2024-04-22 21:57:10.370909,south,1.29587,103.82,54,25,15,11,19,1,3
2024-04-22 21:57:10.370909,north,1.41803,103.82,59,36,19,17,64,1,3
2024-04-22 22:02:37.059916,west,1.35735,103.7,58,42,19,5,58,1,5
2024-04-22 22:02:37.059916,east,1.35735,103.94,57,33,17,26,31,0,3
2024-04-22 22:02:37.059916,central,1.35735,103.82,57,33,18,20,26,0,3
2024-04-22 22:02:37.059916,south,1.29587,103.82,54,24,15,10,18,1,3
2024-04-22 22:02:37.059916,north,1.41803,103.82,59,37,19,14,53,1,3
2024-04-22 22:07:11.786179,west,1.35735,103.7,58,42,19,5,58,1,5
2024-04-22 22:07:11.786179,east,1.35735,103.94,57,33,17,26,31,0,3
2024-04-22 22:07:11.786179,central,1.35735,103.82,57,33,18,20,26,0,3
2024-04-22 22:07:11.786179,south,1.29587,103.82,54,24,15,10,18,1,3
2024-04-22 22:07:11.786179,north,1.41803,103.82,59,37,19,14,53,1,3
2024-04-22 22:12:38.550886,west,1.35735,103.7,58,42,19,5,58,1,5
2024-04-22 22:12:38.550886,east,1.35735,103.94,57,33,17,26,31,0,3
2024-04-22 22:12:38.550886,central,1.35735,103.82,57,33,18,20,26,0,3
2024-04-22 22:12:38.550886,south,1.29587,103.82,54,24,15,10,18,1,3
2024-04-22 22:12:38.550886,north,1.41803,103.82,59,37,19,14,53,1,3
2024-04-22 22:17:13.217821,west,1.35735,103.7,58,42,19,5,58,1,5
2024-04-22 22:17:13.217821,east,1.35735,103.94,57,33,17,26,31,0,3
2024-04-22 22:17:13.217821,central,1.35735,103.82,57,33,18,20,26,0,3
2024-04-22 22:17:13.217821,south,1.29587,103.82,54,24,15,10,18,1,3
2024-04-22 22:17:13.217821,north,1.41803,103.82,59,37,19,14,53,1,3
2024-04-22 22:22:39.940509,west,1.35735,103.7,58,42,19,5,58,1,5
2024-04-22 22:22:39.940509,east,1.35735,103.94,57,33,17,26,31,0,3
2024-04-22 22:22:39.940509,central,1.35735,103.82,57,33,18,20,26,0,3
2024-04-22 22:22:39.940509,south,1.29587,103.82,54,24,15,10,18,1,3
2024-04-22 22:22:39.940509,north,1.41803,103.82,59,37,19,14,53,1,3
2024-04-22 22:27:14.620764,west,1.35735,103.7,58,42,19,5,58,1,5
2024-04-22 22:27:14.620764,east,1.35735,103.94,57,33,17,26,31,0,3
2024-04-22 22:27:14.620764,central,1.35735,103.82,57,33,18,20,26,0,3
2024-04-22 22:27:14.620764,south,1.29587,103.82,54,24,15,10,18,1,3
2024-04-22 22:27:14.620764,north,1.41803,103.82,59,37,19,14,53,1,3
2024-04-22 22:32:41.376974,west,1.35735,103.7,58,42,19,5,58,1,5
2024-04-22 22:32:41.376974,east,1.35735,103.94,57,33,17,26,31,0,3
2024-04-22 22:32:41.376974,central,1.35735,103.82,57,33,18,20,26,0,3
2024-04-22 22:32:41.376974,south,1.29587,103.82,54,24,15,10,18,1,3
2024-04-22 22:32:41.376974,north,1.41803,103.82,59,37,19,14,53,1,3
2024-04-22 22:37:16.012251,west,1.35735,103.7,58,42,19,5,58,1,5
2024-04-22 22:37:16.012251,east,1.35735,103.94,57,33,17,26,31,0,3
2024-04-22 22:37:16.012251,central,1.35735,103.82,57,33,18,20,26,0,3
2024-04-22 22:37:16.012251,south,1.29587,103.82,54,24,15,10,18,1,3
2024-04-22 22:37:16.012251,north,1.41803,103.82,59,37,19,14,53,1,3
2024-04-22 22:42:42.762534,west,1.35735,103.7,58,42,19,5,58,1,5
2024-04-22 22:42:42.762534,east,1.35735,103.94,57,33,17,26,31,0,3
2024-04-22 22:42:42.762534,central,1.35735,103.82,57,33,18,20,26,0,3
2024-04-22 22:42:42.762534,south,1.29587,103.82,54,24,15,10,18,1,3
2024-04-22 22:42:42.762534,north,1.41803,103.82,59,37,19,14,53,1,3
2024-04-22 22:47:17.509878,west,1.35735,103.7,58,42,19,5,58,1,5
2024-04-22 22:47:17.509878,east,1.35735,103.94,57,33,17,26,31,0,3
2024-04-22 22:47:17.509878,central,1.35735,103.82,57,33,18,20,26,0,3
2024-04-22 22:47:17.509878,south,1.29587,103.82,54,24,15,10,18,1,3
2024-04-22 22:47:17.509878,north,1.41803,103.82,59,37,19,14,53,1,3
2024-04-22 22:52:44.214098,west,1.35735,103.7,58,42,19,5,58,1,5
2024-04-22 22:52:44.214098,east,1.35735,103.94,57,33,17,26,31,0,3
2024-04-22 22:52:44.214098,central,1.35735,103.82,57,33,18,20,26,0,3
2024-04-22 22:52:44.214098,south,1.29587,103.82,54,24,15,10,18,1,3
2024-04-22 22:52:44.214098,north,1.41803,103.82,59,37,19,14,53,1,3
2024-04-22 22:57:18.891825,west,1.35735,103.7,58,42,19,5,58,1,5
2024-04-22 22:57:18.891825,east,1.35735,103.94,57,33,17,26,31,0,3
2024-04-22 22:57:18.891825,central,1.35735,103.82,57,33,18,20,26,0,3
2024-04-22 22:57:18.891825,south,1.29587,103.82,54,24,15,10,18,1,3
2024-04-22 22:57:18.891825,north,1.41803,103.82,59,37,19,14,53,1,3
2024-04-22 23:02:45.654236,west,1.35735,103.7,59,42,19,4,54,1,5
2024-04-22 23:02:45.654236,east,1.35735,103.94,56,33,16,24,33,0,3
2024-04-22 23:02:45.654236,central,1.35735,103.82,58,33,18,20,26,0,3
2024-04-22 23:02:45.654236,south,1.29587,103.82,54,24,15,8,19,1,3
2024-04-22 23:02:45.654236,north,1.41803,103.82,59,37,19,11,41,1,3
2024-04-22 23:07:20.327142,west,1.35735,103.7,59,42,19,4,54,1,5
2024-04-22 23:07:20.327142,east,1.35735,103.94,56,33,16,24,33,0,3
2024-04-22 23:07:20.327142,central,1.35735,103.82,58,33,18,20,26,0,3
2024-04-22 23:07:20.327142,south,1.29587,103.82,54,24,15,8,19,1,3
2024-04-22 23:07:20.327142,north,1.41803,103.82,59,37,19,11,41,1,3
2024-04-22 23:12:47.098235,west,1.35735,103.7,59,42,19,4,54,1,5
2024-04-22 23:12:47.098235,east,1.35735,103.94,56,33,16,24,33,0,3
2024-04-22 23:12:47.098235,central,1.35735,103.82,58,33,18,20,26,0,3
2024-04-22 23:12:47.098235,south,1.29587,103.82,54,24,15,8,19,1,3
2024-04-22 23:12:47.098235,north,1.41803,103.82,59,37,19,11,41,1,3
